--회원
Insert into IFWE.MEMBER (MEMBER_CODE,MEMBER_ID,MEMBER_PWD,MEMBER_NAME,MEMBER_PHONE,MEMBER_LOC,MEMBER_EMAIL,MEMBER_BIRTH,MEMBER_GENDER,MEMBER_ADDR,MEMBER_ENROLLDATE,MEMBER_SUSPENSION,MEMBER_ROLE,MEMBER_MSG,MEMBER_LIKE) values (9901,'spring0001','$2a$10$gjA.1nKhR2SNMW8RvdMabuVjrh5cZpoL5aAOUqXoTlbffj1ytQc9i','김순순',null,'경남','spring0008@naver.com',to_date('99/02/10','RR/MM/DD'),'f','경남 창원시 진해구 신항7로 128',to_date('20/03/29','RR/MM/DD'),null,'member',0,'공연전시');
Insert into IFWE.MEMBER (MEMBER_CODE,MEMBER_ID,MEMBER_PWD,MEMBER_NAME,MEMBER_PHONE,MEMBER_LOC,MEMBER_EMAIL,MEMBER_BIRTH,MEMBER_GENDER,MEMBER_ADDR,MEMBER_ENROLLDATE,MEMBER_SUSPENSION,MEMBER_ROLE,MEMBER_MSG,MEMBER_LIKE) values (9902,'spring0002','$2a$10$gjA.1nKhR2SNMW8RvdMabuVjrh5cZpoL5aAOUqXoTlbffj1ytQc9i','김장장',null,'경기','spring0009@naver.com',to_date('98/01/11','RR/MM/DD'),'m','경기 성남시 분당구 경부고속도로 409',to_date('20/03/29','RR/MM/DD'),null,'member',0,'공연전시');
Insert into IFWE.MEMBER (MEMBER_CODE,MEMBER_ID,MEMBER_PWD,MEMBER_NAME,MEMBER_PHONE,MEMBER_LOC,MEMBER_EMAIL,MEMBER_BIRTH,MEMBER_GENDER,MEMBER_ADDR,MEMBER_ENROLLDATE,MEMBER_SUSPENSION,MEMBER_ROLE,MEMBER_MSG,MEMBER_LIKE) values (9903,'spring0003','$2a$10$gjA.1nKhR2SNMW8RvdMabuVjrh5cZpoL5aAOUqXoTlbffj1ytQc9i','서동동',null,'경기','spring0010@naver.com',to_date('97/09/01','RR/MM/DD'),'m','경기 성남시 분당구 경부고속도로 409',to_date('20/03/29','RR/MM/DD'),null,'member',0,'음악댄스');
Insert into IFWE.MEMBER (MEMBER_CODE,MEMBER_ID,MEMBER_PWD,MEMBER_NAME,MEMBER_PHONE,MEMBER_LOC,MEMBER_EMAIL,MEMBER_BIRTH,MEMBER_GENDER,MEMBER_ADDR,MEMBER_ENROLLDATE,MEMBER_SUSPENSION,MEMBER_ROLE,MEMBER_MSG,MEMBER_LIKE) values (9904,'spring0004','$2a$10$gjA.1nKhR2SNMW8RvdMabuVjrh5cZpoL5aAOUqXoTlbffj1ytQc9i','하하님',null,'경남','spring0011@naver.com',to_date('86/07/22','RR/MM/DD'),'f','경남 하동군 적량면 한옥정길 8',to_date('20/03/29','RR/MM/DD'),null,'member',0,'공연전시');
Insert into IFWE.MEMBER (MEMBER_CODE,MEMBER_ID,MEMBER_PWD,MEMBER_NAME,MEMBER_PHONE,MEMBER_LOC,MEMBER_EMAIL,MEMBER_BIRTH,MEMBER_GENDER,MEMBER_ADDR,MEMBER_ENROLLDATE,MEMBER_SUSPENSION,MEMBER_ROLE,MEMBER_MSG,MEMBER_LIKE) values (9905,'spring0005','$2a$10$gjA.1nKhR2SNMW8RvdMabuVjrh5cZpoL5aAOUqXoTlbffj1ytQc9i','자나나',null,'경기','spring0012@naver.com',to_date('05/01/01','RR/MM/DD'),'f','경기 안산시 단원구 대남로 3',to_date('20/03/30','RR/MM/DD'),null,'member',0,'공연전시');
Insert into IFWE.MEMBER (MEMBER_CODE,MEMBER_ID,MEMBER_PWD,MEMBER_NAME,MEMBER_PHONE,MEMBER_LOC,MEMBER_EMAIL,MEMBER_BIRTH,MEMBER_GENDER,MEMBER_ADDR,MEMBER_ENROLLDATE,MEMBER_SUSPENSION,MEMBER_ROLE,MEMBER_MSG,MEMBER_LIKE) values (9906,'spring0006','$2a$10$gjA.1nKhR2SNMW8RvdMabuVjrh5cZpoL5aAOUqXoTlbffj1ytQc9i','이바위',null,'서울','spring0013@naver.com',to_date('74/02/28','RR/MM/DD'),'m','서울 서초구 강남대로 27',to_date('20/03/30','RR/MM/DD'),null,'member',0,'공연전시');
Insert into IFWE.MEMBER (MEMBER_CODE,MEMBER_ID,MEMBER_PWD,MEMBER_NAME,MEMBER_PHONE,MEMBER_LOC,MEMBER_EMAIL,MEMBER_BIRTH,MEMBER_GENDER,MEMBER_ADDR,MEMBER_ENROLLDATE,MEMBER_SUSPENSION,MEMBER_ROLE,MEMBER_MSG,MEMBER_LIKE) values (9907,'spring0007','$2a$10$gjA.1nKhR2SNMW8RvdMabuVjrh5cZpoL5aAOUqXoTlbffj1ytQc9i','허수인',null,'인천','spring0014@naver.com',to_date('83/01/15','RR/MM/DD'),'m','인천 강화군 양도면 가능포로 166-13',to_date('20/03/30','RR/MM/DD'),null,'member',0,'음악댄스');
Insert into IFWE.MEMBER (MEMBER_CODE,MEMBER_ID,MEMBER_PWD,MEMBER_NAME,MEMBER_PHONE,MEMBER_LOC,MEMBER_EMAIL,MEMBER_BIRTH,MEMBER_GENDER,MEMBER_ADDR,MEMBER_ENROLLDATE,MEMBER_SUSPENSION,MEMBER_ROLE,MEMBER_MSG,MEMBER_LIKE) values (9908,'spring0008','$2a$10$gjA.1nKhR2SNMW8RvdMabuVjrh5cZpoL5aAOUqXoTlbffj1ytQc9i','정순장',null,'전남','spring0015@naver.com',to_date('72/07/11','RR/MM/DD'),'f','전남 고흥군 고흥읍 봉동주공길 2',to_date('20/03/30','RR/MM/DD'),null,'member',0,'스터디');
Insert into IFWE.MEMBER (MEMBER_CODE,MEMBER_ID,MEMBER_PWD,MEMBER_NAME,MEMBER_PHONE,MEMBER_LOC,MEMBER_EMAIL,MEMBER_BIRTH,MEMBER_GENDER,MEMBER_ADDR,MEMBER_ENROLLDATE,MEMBER_SUSPENSION,MEMBER_ROLE,MEMBER_MSG,MEMBER_LIKE) values (9909,'spring0009','$2a$10$gjA.1nKhR2SNMW8RvdMabuVjrh5cZpoL5aAOUqXoTlbffj1ytQc9i','정주나',null,'전남','spring0015@naver.com',to_date('91/02/11','RR/MM/DD'),'f','전남 고흥군 고흥읍 봉동주공길 2',to_date('20/03/30','RR/MM/DD'),null,'member',0,'음악댄스');
Insert into IFWE.MEMBER (MEMBER_CODE,MEMBER_ID,MEMBER_PWD,MEMBER_NAME,MEMBER_PHONE,MEMBER_LOC,MEMBER_EMAIL,MEMBER_BIRTH,MEMBER_GENDER,MEMBER_ADDR,MEMBER_ENROLLDATE,MEMBER_SUSPENSION,MEMBER_ROLE,MEMBER_MSG,MEMBER_LIKE) values (9910,'spring0010','$2a$10$gjA.1nKhR2SNMW8RvdMabuVjrh5cZpoL5aAOUqXoTlbffj1ytQc9i','움늄늄',null,'전남','spring0015@naver.com',to_date('99/01/11','RR/MM/DD'),'f','전남 고흥군 고흥읍 봉동주공길 2',to_date('20/03/30','RR/MM/DD'),null,'member',0,'스터디');


Insert into IFWE.MEMBER (MEMBER_CODE,MEMBER_ID,MEMBER_PWD,MEMBER_NAME,MEMBER_PHONE,MEMBER_LOC,MEMBER_EMAIL,MEMBER_BIRTH,MEMBER_GENDER,MEMBER_ADDR,MEMBER_ENROLLDATE,MEMBER_SUSPENSION,MEMBER_ROLE,MEMBER_MSG,MEMBER_LIKE) values (9911,'spring0011','$2a$10$gjA.1nKhR2SNMW8RvdMabuVjrh5cZpoL5aAOUqXoTlbffj1ytQc9i','나야옹',null,'경남','spring0000@naver.com',to_date('00/02/10','RR/MM/DD'),'f','경남 창원시 진해구 신항7로 128',to_date('20/03/28','RR/MM/DD'),null,'member',0,'공연전시');
Insert into IFWE.MEMBER (MEMBER_CODE,MEMBER_ID,MEMBER_PWD,MEMBER_NAME,MEMBER_PHONE,MEMBER_LOC,MEMBER_EMAIL,MEMBER_BIRTH,MEMBER_GENDER,MEMBER_ADDR,MEMBER_ENROLLDATE,MEMBER_SUSPENSION,MEMBER_ROLE,MEMBER_MSG,MEMBER_LIKE) values (9912,'spring0012','$2a$10$gjA.1nKhR2SNMW8RvdMabuVjrh5cZpoL5aAOUqXoTlbffj1ytQc9i','김장철',null,'경기','spring0001@naver.com',to_date('00/01/11','RR/MM/DD'),'m','경기 성남시 분당구 경부고속도로 409',to_date('20/03/28','RR/MM/DD'),null,'member',0,'공연전시');
Insert into IFWE.MEMBER (MEMBER_CODE,MEMBER_ID,MEMBER_PWD,MEMBER_NAME,MEMBER_PHONE,MEMBER_LOC,MEMBER_EMAIL,MEMBER_BIRTH,MEMBER_GENDER,MEMBER_ADDR,MEMBER_ENROLLDATE,MEMBER_SUSPENSION,MEMBER_ROLE,MEMBER_MSG,MEMBER_LIKE) values (9913,'spring0013','$2a$10$gjA.1nKhR2SNMW8RvdMabuVjrh5cZpoL5aAOUqXoTlbffj1ytQc9i','남북북',null,'경기','spring0002@naver.com',to_date('99/09/01','RR/MM/DD'),'m','경기 성남시 분당구 경부고속도로 409',to_date('20/03/28','RR/MM/DD'),null,'member',0,'음악댄스');
Insert into IFWE.MEMBER (MEMBER_CODE,MEMBER_ID,MEMBER_PWD,MEMBER_NAME,MEMBER_PHONE,MEMBER_LOC,MEMBER_EMAIL,MEMBER_BIRTH,MEMBER_GENDER,MEMBER_ADDR,MEMBER_ENROLLDATE,MEMBER_SUSPENSION,MEMBER_ROLE,MEMBER_MSG,MEMBER_LIKE) values (9914,'spring0014','$2a$10$gjA.1nKhR2SNMW8RvdMabuVjrh5cZpoL5aAOUqXoTlbffj1ytQc9i','바나나',null,'경남','spring0003@naver.com',to_date('80/07/22','RR/MM/DD'),'f','경남 하동군 적량면 한옥정길 8',to_date('20/03/28','RR/MM/DD'),null,'member',0,'공연전시');
Insert into IFWE.MEMBER (MEMBER_CODE,MEMBER_ID,MEMBER_PWD,MEMBER_NAME,MEMBER_PHONE,MEMBER_LOC,MEMBER_EMAIL,MEMBER_BIRTH,MEMBER_GENDER,MEMBER_ADDR,MEMBER_ENROLLDATE,MEMBER_SUSPENSION,MEMBER_ROLE,MEMBER_MSG,MEMBER_LIKE) values (9915,'spring0015','$2a$10$gjA.1nKhR2SNMW8RvdMabuVjrh5cZpoL5aAOUqXoTlbffj1ytQc9i','생크림',null,'경기','spring0004@naver.com',to_date('00/01/01','RR/MM/DD'),'f','경기 안산시 단원구 대남로 3',to_date('20/03/28','RR/MM/DD'),null,'member',0,'공연전시');
Insert into IFWE.MEMBER (MEMBER_CODE,MEMBER_ID,MEMBER_PWD,MEMBER_NAME,MEMBER_PHONE,MEMBER_LOC,MEMBER_EMAIL,MEMBER_BIRTH,MEMBER_GENDER,MEMBER_ADDR,MEMBER_ENROLLDATE,MEMBER_SUSPENSION,MEMBER_ROLE,MEMBER_MSG,MEMBER_LIKE) values (9916,'spring0016','$2a$10$gjA.1nKhR2SNMW8RvdMabuVjrh5cZpoL5aAOUqXoTlbffj1ytQc9i','수박맛',null,'서울','spring0005@naver.com',to_date('74/02/28','RR/MM/DD'),'m','서울 서초구 강남대로 27',to_date('20/03/28','RR/MM/DD'),null,'member',0,'공연전시');
Insert into IFWE.MEMBER (MEMBER_CODE,MEMBER_ID,MEMBER_PWD,MEMBER_NAME,MEMBER_PHONE,MEMBER_LOC,MEMBER_EMAIL,MEMBER_BIRTH,MEMBER_GENDER,MEMBER_ADDR,MEMBER_ENROLLDATE,MEMBER_SUSPENSION,MEMBER_ROLE,MEMBER_MSG,MEMBER_LIKE) values (9917,'spring0017','$2a$10$gjA.1nKhR2SNMW8RvdMabuVjrh5cZpoL5aAOUqXoTlbffj1ytQc9i','해커스',null,'인천','spring0006@naver.com',to_date('85/01/15','RR/MM/DD'),'m','인천 강화군 양도면 가능포로 166-13',to_date('20/03/28','RR/MM/DD'),null,'member',0,'음악댄스');
Insert into IFWE.MEMBER (MEMBER_CODE,MEMBER_ID,MEMBER_PWD,MEMBER_NAME,MEMBER_PHONE,MEMBER_LOC,MEMBER_EMAIL,MEMBER_BIRTH,MEMBER_GENDER,MEMBER_ADDR,MEMBER_ENROLLDATE,MEMBER_SUSPENSION,MEMBER_ROLE,MEMBER_MSG,MEMBER_LIKE) values (9918,'spring0018','$2a$10$gjA.1nKhR2SNMW8RvdMabuVjrh5cZpoL5aAOUqXoTlbffj1ytQc9i','타일러',null,'전남','spring0007@naver.com',to_date('77/07/11','RR/MM/DD'),'f','전남 고흥군 고흥읍 봉동주공길 2',to_date('20/03/28','RR/MM/DD'),null,'member',0,'스터디');
Insert into IFWE.MEMBER (MEMBER_CODE,MEMBER_ID,MEMBER_PWD,MEMBER_NAME,MEMBER_PHONE,MEMBER_LOC,MEMBER_EMAIL,MEMBER_BIRTH,MEMBER_GENDER,MEMBER_ADDR,MEMBER_ENROLLDATE,MEMBER_SUSPENSION,MEMBER_ROLE,MEMBER_MSG,MEMBER_LIKE) values (9919,'spring0019','$2a$10$gjA.1nKhR2SNMW8RvdMabuVjrh5cZpoL5aAOUqXoTlbffj1ytQc9i','제시카',null,'경기','spring0004@naver.com',to_date('00/01/01','RR/MM/DD'),'f','경기 안산시 단원구 대남로 3',to_date('20/03/28','RR/MM/DD'),null,'member',0,'공연전시');
Insert into IFWE.MEMBER (MEMBER_CODE,MEMBER_ID,MEMBER_PWD,MEMBER_NAME,MEMBER_PHONE,MEMBER_LOC,MEMBER_EMAIL,MEMBER_BIRTH,MEMBER_GENDER,MEMBER_ADDR,MEMBER_ENROLLDATE,MEMBER_SUSPENSION,MEMBER_ROLE,MEMBER_MSG,MEMBER_LIKE) values (9920,'spring0020','$2a$10$gjA.1nKhR2SNMW8RvdMabuVjrh5cZpoL5aAOUqXoTlbffj1ytQc9i','너튜브',null,'경기','spring0004@naver.com',to_date('00/01/01','RR/MM/DD'),'f','경기 안산시 단원구 대남로 3',to_date('20/03/28','RR/MM/DD'),null,'member',0,'공연전시');



Insert into IFWE.MEMBER (MEMBER_CODE,MEMBER_ID,MEMBER_PWD,MEMBER_NAME,MEMBER_PHONE,MEMBER_LOC,MEMBER_EMAIL,MEMBER_BIRTH,MEMBER_GENDER,MEMBER_ADDR,MEMBER_ENROLLDATE,MEMBER_SUSPENSION,MEMBER_ROLE,MEMBER_MSG,MEMBER_LIKE) values (10000,'admin1234','$2a$10$gjA.1nKhR2SNMW8RvdMabuVjrh5cZpoL5aAOUqXoTlbffj1ytQc9i','관리자',null,'경기','admin1234@ifwe.com',to_date('90/06/20','RR/MM/DD'),'m','경기 성남시 분당구 대왕판교로606번길 45',to_date('20/03/28','RR/MM/DD'),null,'member',0,'스터디');
Insert into IFWE.MEMBER (MEMBER_CODE,MEMBER_ID,MEMBER_PWD,MEMBER_NAME,MEMBER_PHONE,MEMBER_LOC,MEMBER_EMAIL,MEMBER_BIRTH,MEMBER_GENDER,MEMBER_ADDR,MEMBER_ENROLLDATE,MEMBER_SUSPENSION,MEMBER_ROLE,MEMBER_MSG,MEMBER_LIKE) values (9984,'yeo1234','$2a$10$gjA.1nKhR2SNMW8RvdMabuVjrh5cZpoL5aAOUqXoTlbffj1ytQc9i','하이루',null,'경기','yeo1234@ifwe.com',to_date('90/06/20','RR/MM/DD'),'m','경기 성남시 분당구 대왕판교로606번길 45',to_date('20/03/28','RR/MM/DD'),null,'h',0,'스터디');
Insert into IFWE.MEMBER (MEMBER_CODE,MEMBER_ID,MEMBER_PWD,MEMBER_NAME,MEMBER_PHONE,MEMBER_LOC,MEMBER_EMAIL,MEMBER_BIRTH,MEMBER_GENDER,MEMBER_ADDR,MEMBER_ENROLLDATE,MEMBER_SUSPENSION,MEMBER_ROLE,MEMBER_MSG,MEMBER_LIKE) values (9983,'sss1234','$2a$10$gjA.1nKhR2SNMW8RvdMabuVjrh5cZpoL5aAOUqXoTlbffj1ytQc9i','신동재',null,'경기','eee1234@ifwe.com',to_date('90/06/20','RR/MM/DD'),'m','경기 성남시 분당구 대왕판교로606번길 45',to_date('20/03/21','RR/MM/DD'),null,'h',0,'스터디');
Insert into IFWE.MEMBER (MEMBER_CODE,MEMBER_ID,MEMBER_PWD,MEMBER_NAME,MEMBER_PHONE,MEMBER_LOC,MEMBER_EMAIL,MEMBER_BIRTH,MEMBER_GENDER,MEMBER_ADDR,MEMBER_ENROLLDATE,MEMBER_SUSPENSION,MEMBER_ROLE,MEMBER_MSG,MEMBER_LIKE) values (9982,'ttt1234','$2a$10$gjA.1nKhR2SNMW8RvdMabuVjrh5cZpoL5aAOUqXoTlbffj1ytQc9i','신동민',null,'경기','ttt1234@ifwe.com',to_date('90/06/20','RR/MM/DD'),'m','경기 성남시 분당구 대왕판교로606번길 45',to_date('20/03/21','RR/MM/DD'),null,'h',0,'스터디');


commit;
select * from ifwe.member;
select * from ifwe.board;
select * from tbl_event;
--프로필
Insert into IFWE.MEMBER_PROFILE (MEMBER_CODE,PROFILE_NAME,PROFILE_IMG_ORI,PROFILE_IMG_RE,PROFILE_COMMENT,PROFILE_AGE,PROFILE_GENDER,CONTENTS_CATE_CODES) values (9901,'다시들어와님',null,null,null,0,'f','치킨,보쌈,햄버거');
Insert into IFWE.MEMBER_PROFILE (MEMBER_CODE,PROFILE_NAME,PROFILE_IMG_ORI,PROFILE_IMG_RE,PROFILE_COMMENT,PROFILE_AGE,PROFILE_GENDER,CONTENTS_CATE_CODES) values (9902,'허허각해요님',null,null,null,0,'m','감자,고구마,오이');
Insert into IFWE.MEMBER_PROFILE (MEMBER_CODE,PROFILE_NAME,PROFILE_IMG_ORI,PROFILE_IMG_RE,PROFILE_COMMENT,PROFILE_AGE,PROFILE_GENDER,CONTENTS_CATE_CODES) values (9903,'어쩌다보니님',null,null,null,0,'m','빨강,파랑,노랑');
Insert into IFWE.MEMBER_PROFILE (MEMBER_CODE,PROFILE_NAME,PROFILE_IMG_ORI,PROFILE_IMG_RE,PROFILE_COMMENT,PROFILE_AGE,PROFILE_GENDER,CONTENTS_CATE_CODES) values (9904,'김치볶음밥님',null,null,null,0,'f','열무김치,총각김치,파김치');
Insert into IFWE.MEMBER_PROFILE (MEMBER_CODE,PROFILE_NAME,PROFILE_IMG_ORI,PROFILE_IMG_RE,PROFILE_COMMENT,PROFILE_AGE,PROFILE_GENDER,CONTENTS_CATE_CODES) values (9905,'오므라이스님',null,null,null,0,'f','노트북,컴퓨터,마우스');
Insert into IFWE.MEMBER_PROFILE (MEMBER_CODE,PROFILE_NAME,PROFILE_IMG_ORI,PROFILE_IMG_RE,PROFILE_COMMENT,PROFILE_AGE,PROFILE_GENDER,CONTENTS_CATE_CODES) values (9906,'수육냠냠냠님',null,null,null,0,'m','쇼핑,영화,뮤지컬');
Insert into IFWE.MEMBER_PROFILE (MEMBER_CODE,PROFILE_NAME,PROFILE_IMG_ORI,PROFILE_IMG_RE,PROFILE_COMMENT,PROFILE_AGE,PROFILE_GENDER,CONTENTS_CATE_CODES) values (9907,'단무지줘요님',null,null,null,0,'m','자취,노량진,고시생');
Insert into IFWE.MEMBER_PROFILE (MEMBER_CODE,PROFILE_NAME,PROFILE_IMG_ORI,PROFILE_IMG_RE,PROFILE_COMMENT,PROFILE_AGE,PROFILE_GENDER,CONTENTS_CATE_CODES) values (9908,'과자그만먹어',null,null,null,0,'f','취업,과자,홈런볼');
Insert into IFWE.MEMBER_PROFILE (MEMBER_CODE,PROFILE_NAME,PROFILE_IMG_ORI,PROFILE_IMG_RE,PROFILE_COMMENT,PROFILE_AGE,PROFILE_GENDER,CONTENTS_CATE_CODES) values (9909,'해치지않나요',null,null,null,0,'f','노래,과자,홈런볼');
Insert into IFWE.MEMBER_PROFILE (MEMBER_CODE,PROFILE_NAME,PROFILE_IMG_ORI,PROFILE_IMG_RE,PROFILE_COMMENT,PROFILE_AGE,PROFILE_GENDER,CONTENTS_CATE_CODES) values (9910,'미스터트로트',null,null,null,0,'f','노래,당선,트롯진');
Insert into IFWE.MEMBER_PROFILE (MEMBER_CODE,PROFILE_NAME,PROFILE_IMG_ORI,PROFILE_IMG_RE,PROFILE_COMMENT,PROFILE_AGE,PROFILE_GENDER,CONTENTS_CATE_CODES) values (9911,'수료하세요님',null,null,null,0,'f','취업,자격증,도서관');
Insert into IFWE.MEMBER_PROFILE (MEMBER_CODE,PROFILE_NAME,PROFILE_IMG_ORI,PROFILE_IMG_RE,PROFILE_COMMENT,PROFILE_AGE,PROFILE_GENDER,CONTENTS_CATE_CODES) values (9912,'해커스토익님',null,null,null,0,'f','영어,잉글리쉬');
Insert into IFWE.MEMBER_PROFILE (MEMBER_CODE,PROFILE_NAME,PROFILE_IMG_ORI,PROFILE_IMG_RE,PROFILE_COMMENT,PROFILE_AGE,PROFILE_GENDER,CONTENTS_CATE_CODES) values (9913,'정보처리기사',null,null,null,0,'f','컴퓨터,큐넷,시험');
Insert into IFWE.MEMBER_PROFILE (MEMBER_CODE,PROFILE_NAME,PROFILE_IMG_ORI,PROFILE_IMG_RE,PROFILE_COMMENT,PROFILE_AGE,PROFILE_GENDER,CONTENTS_CATE_CODES) values (9914,'정보산업기사',null,null,null,0,'f','컴퓨터,큐넷,시험');
Insert into IFWE.MEMBER_PROFILE (MEMBER_CODE,PROFILE_NAME,PROFILE_IMG_ORI,PROFILE_IMG_RE,PROFILE_COMMENT,PROFILE_AGE,PROFILE_GENDER,CONTENTS_CATE_CODES) values (9915,'데일리패션님',null,null,null,0,'f','신발,코트,청바지');
Insert into IFWE.MEMBER_PROFILE (MEMBER_CODE,PROFILE_NAME,PROFILE_IMG_ORI,PROFILE_IMG_RE,PROFILE_COMMENT,PROFILE_AGE,PROFILE_GENDER,CONTENTS_CATE_CODES) values (9916,'천우희임진주',null,null,null,0,'f','작가,멜로가체질,마른체질');
Insert into IFWE.MEMBER_PROFILE (MEMBER_CODE,PROFILE_NAME,PROFILE_IMG_ORI,PROFILE_IMG_RE,PROFILE_COMMENT,PROFILE_AGE,PROFILE_GENDER,CONTENTS_CATE_CODES) values (9917,'안재홍손범수',null,null,null,0,'f','감독,멜로가체질,흔한체질');
Insert into IFWE.MEMBER_PROFILE (MEMBER_CODE,PROFILE_NAME,PROFILE_IMG_ORI,PROFILE_IMG_RE,PROFILE_COMMENT,PROFILE_AGE,PROFILE_GENDER,CONTENTS_CATE_CODES) values (9918,'셜록홈즈굳즈',null,null,null,0,'f','탐정,인간재앙,범인이온다');
Insert into IFWE.MEMBER_PROFILE (MEMBER_CODE,PROFILE_NAME,PROFILE_IMG_ORI,PROFILE_IMG_RE,PROFILE_COMMENT,PROFILE_AGE,PROFILE_GENDER,CONTENTS_CATE_CODES) values (9919,'뮤지컬배우님',null,null,null,0,'f','지금이순간,옥주현,레베카');
Insert into IFWE.MEMBER_PROFILE (MEMBER_CODE,PROFILE_NAME,PROFILE_IMG_ORI,PROFILE_IMG_RE,PROFILE_COMMENT,PROFILE_AGE,PROFILE_GENDER,CONTENTS_CATE_CODES) values (9920,'돈많이벌어요',null,null,null,0,'f','부자,부자님,부자야');
Insert into IFWE.MEMBER_PROFILE (MEMBER_CODE,PROFILE_NAME,PROFILE_IMG_ORI,PROFILE_IMG_RE,PROFILE_COMMENT,PROFILE_AGE,PROFILE_GENDER,CONTENTS_CATE_CODES) values (10000,'이프위관리자',null,null,null,0,'m','프로젝트,css,api');

-- 게시판
Insert into IFWE.BOARD (BOARD_NO,MEMBER_CODE,BOARD_CATE,BOARD_TITLE,BOARD_CONTENT,BOARD_IMG_ORI,BOARD_IMG_RE,BOARD_DATE,BOARD_READCOUNT,BOARD_LEVEL,BOARD_DEL) values (9991,10000,'notice','테스트6','<p>테스트6</p>',null,null,to_date('20/03/24','RR/MM/DD'),0,0,'N');
Insert into IFWE.BOARD (BOARD_NO,MEMBER_CODE,BOARD_CATE,BOARD_TITLE,BOARD_CONTENT,BOARD_IMG_ORI,BOARD_IMG_RE,BOARD_DATE,BOARD_READCOUNT,BOARD_LEVEL,BOARD_DEL) values (9992,10000,'notice','테스트7','<p>테스트7</p>',null,null,to_date('20/03/24','RR/MM/DD'),0,0,'N');
Insert into IFWE.BOARD (BOARD_NO,MEMBER_CODE,BOARD_CATE,BOARD_TITLE,BOARD_CONTENT,BOARD_IMG_ORI,BOARD_IMG_RE,BOARD_DATE,BOARD_READCOUNT,BOARD_LEVEL,BOARD_DEL) values (9993,10000,'notice','테스트8','<p>테스트8</p>',null,null,to_date('20/03/24','RR/MM/DD'),0,0,'N');
Insert into IFWE.BOARD (BOARD_NO,MEMBER_CODE,BOARD_CATE,BOARD_TITLE,BOARD_CONTENT,BOARD_IMG_ORI,BOARD_IMG_RE,BOARD_DATE,BOARD_READCOUNT,BOARD_LEVEL,BOARD_DEL) values (9994,10000,'notice','테스트9','<p>테스트9</p>',null,null,to_date('20/03/24','RR/MM/DD'),0,0,'N');
Insert into IFWE.BOARD (BOARD_NO,MEMBER_CODE,BOARD_CATE,BOARD_TITLE,BOARD_CONTENT,BOARD_IMG_ORI,BOARD_IMG_RE,BOARD_DATE,BOARD_READCOUNT,BOARD_LEVEL,BOARD_DEL) values (9995,10000,'notice','테스트10','<p>테스트10</p>',null,null,to_date('20/03/24','RR/MM/DD'),0,0,'N');
Insert into IFWE.BOARD (BOARD_NO,MEMBER_CODE,BOARD_CATE,BOARD_TITLE,BOARD_CONTENT,BOARD_IMG_ORI,BOARD_IMG_RE,BOARD_DATE,BOARD_READCOUNT,BOARD_LEVEL,BOARD_DEL) values (9996,10000,'notice','테스트11','<p>테스트11</p>',null,null,to_date('20/03/24','RR/MM/DD'),0,0,'N');
Insert into IFWE.BOARD (BOARD_NO,MEMBER_CODE,BOARD_CATE,BOARD_TITLE,BOARD_CONTENT,BOARD_IMG_ORI,BOARD_IMG_RE,BOARD_DATE,BOARD_READCOUNT,BOARD_LEVEL,BOARD_DEL) values (9997,10000,'report','테스트21','<p>테스트21</p>',null,null,to_date('20/03/24','RR/MM/DD'),0,0,'N');
Insert into IFWE.BOARD (BOARD_NO,MEMBER_CODE,BOARD_CATE,BOARD_TITLE,BOARD_CONTENT,BOARD_IMG_ORI,BOARD_IMG_RE,BOARD_DATE,BOARD_READCOUNT,BOARD_LEVEL,BOARD_DEL) values (9998,10000,'report','테스트22','<p>테스트22</p>',null,null,to_date('20/03/24','RR/MM/DD'),0,0,'N');
Insert into IFWE.BOARD (BOARD_NO,MEMBER_CODE,BOARD_CATE,BOARD_TITLE,BOARD_CONTENT,BOARD_IMG_ORI,BOARD_IMG_RE,BOARD_DATE,BOARD_READCOUNT,BOARD_LEVEL,BOARD_DEL) values (9999,10000,'report','테스트23','<p>테스트23</p>',null,null,to_date('20/03/24','RR/MM/DD'),0,0,'N');
Insert into IFWE.BOARD (BOARD_NO,MEMBER_CODE,BOARD_CATE,BOARD_TITLE,BOARD_CONTENT,BOARD_IMG_ORI,BOARD_IMG_RE,BOARD_DATE,BOARD_READCOUNT,BOARD_LEVEL,BOARD_DEL) values (9910,10000,'report','테스트24','<p>테스트24</p>',null,null,to_date('20/03/24','RR/MM/DD'),0,0,'N');
Insert into IFWE.BOARD (BOARD_NO,MEMBER_CODE,BOARD_CATE,BOARD_TITLE,BOARD_CONTENT,BOARD_IMG_ORI,BOARD_IMG_RE,BOARD_DATE,BOARD_READCOUNT,BOARD_LEVEL,BOARD_DEL) values (9911,10000,'report','테스트25','<p>테스트25</p>',null,null,to_date('20/03/24','RR/MM/DD'),0,0,'N');
Insert into IFWE.BOARD (BOARD_NO,MEMBER_CODE,BOARD_CATE,BOARD_TITLE,BOARD_CONTENT,BOARD_IMG_ORI,BOARD_IMG_RE,BOARD_DATE,BOARD_READCOUNT,BOARD_LEVEL,BOARD_DEL) values (9912,10000,'report','테스트26','<p>테스트26</p>',null,null,to_date('20/03/24','RR/MM/DD'),0,0,'N');
Insert into IFWE.BOARD (BOARD_NO,MEMBER_CODE,BOARD_CATE,BOARD_TITLE,BOARD_CONTENT,BOARD_IMG_ORI,BOARD_IMG_RE,BOARD_DATE,BOARD_READCOUNT,BOARD_LEVEL,BOARD_DEL) values (9913,10000,'qna','테스트31','<p>테스트31</p>',null,null,to_date('20/03/24','RR/MM/DD'),0,0,'N');
Insert into IFWE.BOARD (BOARD_NO,MEMBER_CODE,BOARD_CATE,BOARD_TITLE,BOARD_CONTENT,BOARD_IMG_ORI,BOARD_IMG_RE,BOARD_DATE,BOARD_READCOUNT,BOARD_LEVEL,BOARD_DEL) values (9914,10000,'qna','테스트32','<p>테스트32</p>',null,null,to_date('20/03/24','RR/MM/DD'),0,0,'N');
Insert into IFWE.BOARD (BOARD_NO,MEMBER_CODE,BOARD_CATE,BOARD_TITLE,BOARD_CONTENT,BOARD_IMG_ORI,BOARD_IMG_RE,BOARD_DATE,BOARD_READCOUNT,BOARD_LEVEL,BOARD_DEL) values (9915,10000,'qna','테스트33','<p>테스트33</p>',null,null,to_date('20/03/24','RR/MM/DD'),0,0,'N');
Insert into IFWE.BOARD (BOARD_NO,MEMBER_CODE,BOARD_CATE,BOARD_TITLE,BOARD_CONTENT,BOARD_IMG_ORI,BOARD_IMG_RE,BOARD_DATE,BOARD_READCOUNT,BOARD_LEVEL,BOARD_DEL) values (9916,10000,'qna','테스트34','<p>테스트34</p>',null,null,to_date('20/03/24','RR/MM/DD'),0,0,'N');
Insert into IFWE.BOARD (BOARD_NO,MEMBER_CODE,BOARD_CATE,BOARD_TITLE,BOARD_CONTENT,BOARD_IMG_ORI,BOARD_IMG_RE,BOARD_DATE,BOARD_READCOUNT,BOARD_LEVEL,BOARD_DEL) values (9917,10000,'qna','테스트35','<p>테스트35</p>',null,null,to_date('20/03/24','RR/MM/DD'),0,0,'N');
Insert into IFWE.BOARD (BOARD_NO,MEMBER_CODE,BOARD_CATE,BOARD_TITLE,BOARD_CONTENT,BOARD_IMG_ORI,BOARD_IMG_RE,BOARD_DATE,BOARD_READCOUNT,BOARD_LEVEL,BOARD_DEL) values (9918,10000,'notice','공지사항_TEST_1','<p>반갑 습니다 이곳은 IF WE 공지사항 게시판 입니다....</p>',null,null,to_date('20/03/24','RR/MM/DD'),0,0,'N');
Insert into IFWE.BOARD (BOARD_NO,MEMBER_CODE,BOARD_CATE,BOARD_TITLE,BOARD_CONTENT,BOARD_IMG_ORI,BOARD_IMG_RE,BOARD_DATE,BOARD_READCOUNT,BOARD_LEVEL,BOARD_DEL) values (9919,10000,'notice','테스트2','<p>테스트2</p>',null,null,to_date('20/03/24','RR/MM/DD'),0,0,'N');
Insert into IFWE.BOARD (BOARD_NO,MEMBER_CODE,BOARD_CATE,BOARD_TITLE,BOARD_CONTENT,BOARD_IMG_ORI,BOARD_IMG_RE,BOARD_DATE,BOARD_READCOUNT,BOARD_LEVEL,BOARD_DEL) values (9920,10000,'report','테스트5','<p>테스트5</p>',null,null,to_date('20/03/24','RR/MM/DD'),0,0,'N');
Insert into IFWE.BOARD (BOARD_NO,MEMBER_CODE,BOARD_CATE,BOARD_TITLE,BOARD_CONTENT,BOARD_IMG_ORI,BOARD_IMG_RE,BOARD_DATE,BOARD_READCOUNT,BOARD_LEVEL,BOARD_DEL) values (9921,10000,'notice','test Title','test Contents',null,null,to_date('20/03/22','RR/MM/DD'),0,0,'N');
Insert into IFWE.BOARD (BOARD_NO,MEMBER_CODE,BOARD_CATE,BOARD_TITLE,BOARD_CONTENT,BOARD_IMG_ORI,BOARD_IMG_RE,BOARD_DATE,BOARD_READCOUNT,BOARD_LEVEL,BOARD_DEL) values (9922,10000,'notice','공지사항_TEST_1','<p>반갑 습니다 이곳은 IF WE 공지사항 게시판 입니다....</p>',null,null,to_date('20/03/24','RR/MM/DD'),0,0,'N');


-- 소모임 생성

-- msg_table 용 카테고리 생성
insert into msg_category values('c1','가입신청');
insert into msg_category values('f1','가입신청'); 

--모든 회원 비밀번호 admin1234! 로 통일함.
update member set MEMBER_PWD = '$2a$10$IiVmwKRpVvwdnbJxFCxJYOINVIow4UnHQsxZ1qQyDIa5Kc.njoQLS';
commit;